year,combinedStatus,fullName,sortName,primaryNationality,secondaryNationality,tertiaryNationality,gender,photoUrl,photoCredit,type,lastStatus,typeOfDeath,status,employedAs,organizations,jobs,coverage,mediums,country,location,region,state,locality,province,localOrForeign,sourcesOfFire,motiveConfirmed,accountabilityCrossfire,accountabilityAssignment,impunityMurder,tortured,captive,threatened,charges,motive,lengthOfSentence,healthProblems,impCountry,entry,sentenceDate,sentence,locationImprisoned
1994,Confirmed,Abdelkader Hireche,,,,,Male,,,Journalist,,Murder,Killed,Staff,Algerian Television (ENTV),Broadcast Reporter,Politics,Television,DZA,Algiers,,,Algiers,,Foreign,,Confirmed,,,Partial Impunity,No,No,No,,,,,,,,,
2014,Confirmed,Ahmed Hasan Ahmed,,,,,Male,,,Journalist,,Dangerous Assignment,Killed,Staff,Xinhua News Agency,"Camera Operator,Photographer","Human Rights,Politics,War",Internet,SYR,Damascus,,,Damascus,,Foreign,,Confirmed,,,,,,,,,,,,,,,
2018,Confirmed,Aleksandr Rastorguyev,,RUS,,,Male,https://cpj-photos.s3.us-west-2.amazonaws.com/prod/AP_RasturgurovCap.jpg_75b5e8c0-3334-46e8-84e5-f108c0dab6ac.jpeg,AP Photo/Alexei Maishev,Journalist,Killed,Dangerous Assignment,Killed,Freelance,The Investigations Management Centre (TsUR),"Broadcast Reporter,Producer","Business,Corruption,Crime,Human Rights,Politics,War",Television,CAF,Kémo,,,,Kémo,Foreign,"Criminal Group,Local Residents,Military Officials,Paramilitary Group,Political Group",Confirmed,,No,,,,,,,,,,,,,
1994,Confirmed,Alessandro Otta,,,,,Male,,,Journalist,,Crossfire,Killed,Staff,RAI-TV,Broadcast Reporter,War,Television,BIH,Mostar,,,Mostar,,Foreign,Paramilitary Group,Confirmed,,,,,,,,,,,,,,,
1993,Confirmed,Alexandra Tuttle,,,,,Female,,,Journalist,,Crossfire,Killed,Staff,The Wall Street Journal,Print Reporter,"Business,Culture,Politics",Print,GEO,Sukhumi,,,Sukhumi,,Foreign,Military Officials,Confirmed,,,,,,,,,,,,,,,
2004,Confirmed,Ali al-Khatib,,,,,Male,https://cpj-photos.s3-us-west-2.amazonaws.com/ali_al_khatib_iraq_2004.jpg,,Journalist,,Crossfire,Killed,Staff,Al-Arabiya,Broadcast Reporter,War,Television,IRQ,Baghdad,,,Baghdad,,Foreign,Military Officials,Confirmed,,,,,,,,,,,,,,,
2011,Confirmed,Ali Hassan al-Jaber,,,,,Male,https://cpj-photos.s3-us-west-2.amazonaws.com/Al-Jaber.jpg,Al-Jazeera,Journalist,,Crossfire,Killed,Staff,Al-Jazeera,Camera Operator,War,Television,LBY,an area near Benghazi,,,an area near Benghazi,,Foreign,Military Officials,Confirmed,,,,,,,,,,,,,,,
2014,Confirmed,Ali Mustafa,,,,,Male,https://cpj-photos.s3-us-west-2.amazonaws.com/ali.mustafa.google.plus.cropped.jpg,Google+,Journalist,,Crossfire,Killed,Freelance,Freelance,Photographer,"Human Rights,Politics,War","Print,Internet",SYR,Aleppo,,,Aleppo,,Foreign,Military Officials,Confirmed,,,,,,,,,,,,,,,
2014,Confirmed,Anatoly Klyan,,,,,Male,,,Journalist,,Dangerous Assignment,Killed,Staff,Pervy Kanal,Camera Operator,"Politics,War",Television,UKR,Donetsk,,,Donetsk,,Foreign,,Confirmed,,,,,,,,,,,,,,,
2014,Confirmed,Andrea Rocchelli,,,,,Male,https://cpj-photos.s3-us-west-2.amazonaws.com/andrea.rocchelli.ap.jpg,AP,Journalist,,Crossfire,Killed,Freelance,Cesura photo agency,Photographer,"Human Rights,War","Print,Internet",UKR,Andreyevka,,,Andreyevka,,Foreign,Military Officials,Confirmed,No,,,,,,,,,,,,,,
1993,Confirmed,Andrei Soloviev,,,,,Male,https://cpj-photos.s3-us-west-2.amazonaws.com/Soloviev.Russia.1993.1.jpg,AP,Journalist,,Crossfire,Killed,Staff,ITAR-TASS,Photographer,War,Print,GEO,Sukhumi,,,Sukhumi,,Foreign,Military Officials,Confirmed,,,,,,,,,,,,,,,
2014,Confirmed,Andrei Stenin,,,,,Male,,,Journalist,,Crossfire,Killed,Staff,Rossiya Segodnya,Photographer,"Human Rights,War","Print,Internet",UKR,Snizhne,,,Snizhne,,Foreign,,Confirmed,,,,,,,,,,,,,,,
2014,Confirmed,Anja Niedringhaus,,,,,Female,https://cpj-photos.s3-us-west-2.amazonaws.com/anja.ap.jpg,AP,Journalist,,Dangerous Assignment,Killed,Staff,The Associated Press,Photographer,"Human Rights,War","Print,Internet",AFG,Khost,,,Khost,,Foreign,Government Officials,Confirmed,,,,,,,,,,,,,,,
1993,Confirmed,Anthony Macharia,,,,,Male,https://cpj-photos.s3-us-west-2.amazonaws.com/Macharia.Somalia.1.1993.jpg,Reuters,Journalist,,Murder,Killed,Staff,Reuters,Technician,War,Television,SOM,Mogadishu,,,Mogadishu,,Foreign,Mob Violence,Confirmed,,,Complete Impunity,No,No,No,,,,,,,,,
2011,Confirmed,Anton Hammerl,,,,,Male,https://cpj-photos.s3-us-west-2.amazonaws.com/Hammerl.ap1.jpg,AP,Journalist,,Crossfire,Killed,Freelance,Freelance,Photographer,War,Print,LBY,an area near Brega,,,an area near Brega,,Foreign,Military Officials,Confirmed,,,,,,,,,,,,,,,
2015,Confirmed,Avijit Roy,,,,,Male,https://cpj-photos.s3-us-west-2.amazonaws.com/avijit.roy.ap.jpg,AP,Journalist,,Murder,Killed,Freelance,Freelance,"Internet Reporter,Print Reporter","Culture,Human Rights,Politics","Print,Internet",BGD,Dhaka,,,Dhaka,,Foreign,Political Group,Confirmed,,,Complete Impunity,No,No,Yes,,,,,,,,,
2006,Confirmed,Bradley Will,,,,,Male,https://cpj-photos.s3-us-west-2.amazonaws.com/will.2.MEX.2006.jpg,AP,Journalist,,Dangerous Assignment,Killed,Freelance,freelance,"Camera Operator,Internet Reporter,Producer",Human Rights,Internet,MEX,Santa Lucía del Camino,,,Santa Lucía del Camino,,Foreign,Government Officials,Confirmed,,,,,,,,,,,,,,,
2014,Confirmed,Camille Lepage,,,,,Female,https://cpj-photos.s3-us-west-2.amazonaws.com/camille.lepage.afp.jpg,(AFP),Journalist,,Dangerous Assignment,Killed,Freelance,Freelance,Photographer,"Human Rights,War","Print,Internet",CAF,Bouar Region,Bouar Region,,Bouar Region,,Foreign,Paramilitary Group,Confirmed,,,,,,,,,,,,,,,
2008,Confirmed,Carsten Thomassen,,,,,Male,https://cpj-photos.s3-us-west-2.amazonaws.com/carsten_thomassen_afghanistan_2008.jpg,,Journalist,,Dangerous Assignment,Killed,Staff,Dagbladet,Print Reporter,"Politics,War",Print,AFG,Kabul,,,Kabul,,Foreign,Political Group,Confirmed,,,,,,,,,,,,,,,
2011,Confirmed,Chris Hondros,,,,,Male,https://cpj-photos.s3-us-west-2.amazonaws.com/Hondros%252520cropped.afp.jpg,Getty Images,Journalist,,Crossfire,Killed,Staff,Getty Images,Photographer,War,"Print,Internet",LBY,Misurata,,,Misurata,,Foreign,Military Officials,Confirmed,,,,,,,,,,,,,,,
2009,Confirmed,Christian Gregorio Poveda Ruiz,,,,,Male,https://cpj-photos.s3-us-west-2.amazonaws.com/Poveda.1Salvador.2009.afp.jpg,AFP,Journalist,,Murder,Killed,Freelance,Freelance,"Producer,Documentary Filmmaker",Crime,Television,SLV,Tonacatepeque,,,Tonacatepeque,,Foreign,Criminal Group,Confirmed,,,Full Justice,No,No,Yes,,,,,,,,,
2003,Confirmed,Christian Liebig,,,,,Male,https://cpj-photos.s3-us-west-2.amazonaws.com/christian_liebig_iraq_2003.jpg,,Journalist,,Crossfire,Killed,Staff,Focus,Print Reporter,War,Print,IRQ,outside Baghdad,,,outside Baghdad,,Foreign,Military Officials,Confirmed,,,,,,,,,,,,,,,
2006,Confirmed,Christian Struwe,,,,,Male,,,Journalist,,Murder,Killed,Freelance,freelance,Broadcast Reporter,"Politics,War",Radio,AFG,Baghlan,,,Baghlan,,Foreign,,Confirmed,,,Complete Impunity,No,No,No,,,,,,,,,
2017,Confirmed,Christopher Allen,,USA,,,Male,https://cpj-photos.s3.amazonaws.com/ChrisAllen_EELUKS-1-2017-09-05-1504629172625.jpg,Eddie Einbender-Luks,Journalist,Killed,Crossfire,Killed,Freelance,Freelance,"Photographer,Internet Reporter,Print Reporter","War,Corruption,Politics","Print,Internet",SSD,Kaya,,Yei River,Kaya,,Foreign,Military Officials,Confirmed,No,,,,,,,,,,,,,,
2013,Confirmed,Claude Verlon,,,,,Male,https://cpj-photos.s3-us-west-2.amazonaws.com/claudeverlon.afp.jpg,AFP,Journalist,,Murder,Killed,Staff,Radio France Internationale,Technician,"Human Rights,Politics,War",Radio,MLI,Kidal,,,Kidal,,Foreign,Political Group,Confirmed,,,Complete Impunity,No,Yes,No,,,,,,,,,
1994,Confirmed,Cynthia Elbaum,,,,,Female,,,Journalist,,Crossfire,Killed,Freelance,Freelancer,Photographer,War,Print,RUS,Grozny,,,Grozny,,Foreign,Military Officials,Confirmed,,,,,,,,,,,,,,,
1993,Confirmed,Dan Eldon,,,,,Male,https://cpj-photos.s3-us-west-2.amazonaws.com/Eldon.Somalia.1.1993.jpg,Reuters,Journalist,,Murder,Killed,Staff,Reuters,Photographer,War,Print,SOM,Mogadishu,,,Mogadishu,,Foreign,Mob Violence,Confirmed,,,Complete Impunity,No,No,No,,,,,,,,,
2002,Confirmed,Daniel Pearl,,USA,,,Male,https://cpj-photos.s3-us-west-2.amazonaws.com/daniel_pearl_pakistan_2002.jpg,,Journalist,,Murder,Killed,Staff,The Wall Street Journal,Print Reporter,Politics,Print,PAK,Karachi,,,Karachi,,Foreign,Political Group,Confirmed,,,Partial Impunity,Yes,Yes,No,,,,,,,,,
1994,Confirmed,Dario D'Angelo,,,,,Male,,,Journalist,,Crossfire,Killed,Staff,RAI-TV,Broadcast Reporter,War,Television,BIH,Mostar,,,Mostar,,Foreign,Paramilitary Group,Confirmed,,,,,,,,,,,,,,,
2016,Confirmed,David Gilkey,,USA,,,Male,,,Journalist,,Crossfire,Killed,Staff,National Public Radio,Photographer,"Politics,War","Radio,Internet",AFG,"Marjah district, Helmand province",,,"Marjah district, Helmand province","Marjah district, Helmand province",Foreign,Political Group,Confirmed,,,,,,,,,,,,,,,
1992,Confirmed,David Kaplan,,,,,Male,,,Journalist,,Crossfire,Killed,Staff,ABC News,Producer,"Politics,War",Television,BIH,Sarajevo,,,Sarajevo,,Foreign,Military Officials,Confirmed,,,,,,,,,,,,,,,
2007,Confirmed,Dmitry Chebotayev,,,,,Male,https://cpj-photos.s3-us-west-2.amazonaws.com/dmitry_chebotayev_iraq_2007.jpg,,Journalist,,Crossfire,Killed,Freelance,freelance,Photographer,War,Print,IRQ,Diyala,,,Diyala,,Foreign,Political Group,Confirmed,,,,,,,,,,,,,,,
1993,Confirmed,Dominique Lonneux,,,,,Male,,,Journalist,,Crossfire,Killed,Freelance,Freelancer,Camera Operator,War,Television,BIH,western Herzegovina,,,western Herzegovina,,Foreign,Political Group,Confirmed,,,,,,,,,,,,,,,
2004,Confirmed,Enzo Baldoni,,,,,Male,https://cpj-photos.s3-us-west-2.amazonaws.com/enzo_baldoni_iraq_2004.jpg,,Journalist,,Murder,Killed,Freelance,freelance,Print Reporter,War,Print,IRQ,an area near Najaf,,,an area near Najaf,,Foreign,Political Group,Confirmed,,,Complete Impunity,No,Yes,No,,,,,,,,,
2010,Confirmed,Fabio Polenghi,,,,,Male,https://cpj-photos.s3-us-west-2.amazonaws.com/Polenghi.rtr1.jpg,Reuters,Journalist,,Dangerous Assignment,Killed,Freelance,freelance,Photographer,"Culture,War",Print,THA,Bangkok,,,Bangkok,,Foreign,,Confirmed,,,,,,,,,,,,,,,
2015,Confirmed,Fares Hamadi,,,,,Male,https://cpj-photos.s3-us-west-2.amazonaws.com/Fares-Hamadi200.jpg,(Photo courtesy of Eye on the Homeland),Journalist,,Murder,Killed,Staff,Eye on the Homeland,Producer,"Corruption,Human Rights,Politics,War","Print,Internet",TUR,Urfa,,,Urfa,,Foreign,Political Group,Confirmed,,,Complete Impunity,No,No,Yes,,,,,,,,,
2011,Confirmed,Farhad Taqaddosi,,,,,Male,,,Journalist,,Crossfire,Killed,Staff,Press TV,Camera Operator,"Politics,War",Television,AFG,Kabul,,,Kabul,,Foreign,Political Group,Confirmed,,,,,,,,,,,,,,,
1999,Confirmed,Gabriel Gruener,,,,,Male,https://cpj-photos.s3-us-west-2.amazonaws.com/gabriel_gruener_kosovo_1999.jpg,,Journalist,,Crossfire,Killed,Staff,Stern,Print Reporter,War,Print,YUG,Kosovo,,,Kosovo,,Foreign,Paramilitary Group,Confirmed,,,,,,,,,,,,,,,
1992,Confirmed,Gabrielle Marian Hulsen,,,,,Female,,,Journalist,,Murder,Killed,Freelance,Freelancer,"Broadcast Reporter,Print Reporter","Politics,War","Print,Television",LBN,Ghadir,,,Ghadir,,Foreign,,Confirmed,,,Complete Impunity,No,No,No,,,,,,,,,
2009,Confirmed,Gennady Pavlyuk (Ibragim Rustambek),,,,,Male,,,Journalist,,Murder,Killed,Staff,Bely Parokhod,Editor,Corruption,Print,KAZ,Almaty,,,Almaty,,Foreign,Government Officials,Confirmed,,,Partial Impunity,No,No,No,,,,,,,,,
1992,Confirmed,Georg Friderich Pfuhl,,,,,Male,,,Journalist,,Crossfire,Killed,Staff,FADMST,Print Reporter,War,Print,BIH,Mostar,,,Mostar,,Foreign,Military Officials,Confirmed,,,,,,,,,,,,,,,
2015,Confirmed,Gerardo Ceferino Servían,,,,,Male,,,Journalist,,Murder,Killed,Staff,Ciudad Nueva FM,Broadcast Reporter,Politics,Radio,BRA,Ponta Porã,,,Ponta Porã,,Foreign,Government Officials,Confirmed,,,Complete Impunity,No,No,No,,,,,,,,,
2013,Confirmed,Ghislaine Dupont,,,,,Female,https://cpj-photos.s3-us-west-2.amazonaws.com/ghislaine.afp.jpg,AFP,Journalist,,Murder,Killed,Staff,Radio France Internationale,Broadcast Reporter,"Human Rights,Politics,War",Radio,MLI,Kidal,,,Kidal,,Foreign,Political Group,Confirmed,,,Complete Impunity,No,Yes,No,,,,,,,,,
2012,Confirmed,Gilles Jacquier,,,,,Male,https://cpj-photos.s3-us-west-2.amazonaws.com/Jacquier_rtrs.jpg,Reuters,Journalist,,Dangerous Assignment,Killed,Staff,France 2,Broadcast Reporter,"Human Rights,Politics",Television,SYR,Homs,,,Homs,,Foreign,,Confirmed,,No,,,,,,,,,,,,,
1993,Confirmed,Guido Puletti,,,,,Male,,,Journalist,,Crossfire,Killed,Freelance,Freelancer,Print Reporter,"Human Rights,War",Print,BIH,central BIH,,,central BIH,,Foreign,Military Officials,Confirmed,,,,,,,,,,,,,,,
1993,Confirmed,Hansi Krauss,,,,,Male,https://cpj-photos.s3-us-west-2.amazonaws.com/Krauss.Somalia.1993.1.jpg,AP,Journalist,,Murder,Killed,Staff,Associated Press,Photographer,War,Print,SOM,Mogadishu,,,Mogadishu,,Foreign,Mob Violence,Confirmed,,,Complete Impunity,No,No,No,,,,,,,,,
2001,Confirmed,Harry Burton,,,,,Male,https://cpj-photos.s3-us-west-2.amazonaws.com/harry_burton_afghanistan_2001.jpg,,Journalist,,Murder,Killed,Staff,Reuters Television,Camera Operator,War,Television,AFG,Nangarhar Province,,,Nangarhar Province,Nangarhar Province,Foreign,Paramilitary Group,Confirmed,,,Full Justice,No,Yes,No,,,,,,,,,
2010,Confirmed,Hiro Muramoto,,,,,Male,https://cpj-photos.s3-us-west-2.amazonaws.com/Thai.Muramoto.4.12.110.jpg,Reuters,Journalist,,Dangerous Assignment,Killed,Staff,Reuters,Camera Operator,Politics,"Television,Internet",THA,Bangkok,,,Bangkok,,Foreign,,Confirmed,,,,,,,,,,,,,,,
1993,Confirmed,Hosea Maina,,,,,Male,https://cpj-photos.s3-us-west-2.amazonaws.com/Mainia.Somalia.1.1993.jpg,Reuters,Journalist,,Murder,Killed,Staff,Reuters,Photographer,War,Print,SOM,Mogadishu,,,Mogadishu,,Foreign,Mob Violence,Confirmed,,,Complete Impunity,No,No,No,,,,,,,,,
2015,Confirmed,Ibrahim Abd al-Qader,,,,,Male,https://cpj-photos.s3-us-west-2.amazonaws.com/Ibrahim-Abd-al-Qader200.jpg,(Photo courtesy of Eye on the Homeland),Journalist,,Murder,Killed,Staff,"Eye on the Homeland, Raqqa is Being Slaughtered Silently",Editor,"Corruption,Human Rights,Politics,War","Print,Internet",TUR,Urfa,,,Urfa,,Foreign,Political Group,Confirmed,,,Complete Impunity,No,No,Yes,,,,,,,,,
1993,Confirmed,Ibrahim Goskel,,,,,Male,,,Journalist,,Dangerous Assignment,Killed,Freelance,Freelancer,Print Reporter,War,Print,BIH,Sarajevo,,,Sarajevo,,Foreign,,Confirmed,,,,,,,,,,,,,,,
2014,Confirmed,Igor Kornelyuk,,,,,Male,,,Journalist,,Crossfire,Killed,Staff,VGTRK,Broadcast Reporter,War,Television,UKR,Metallist,,,Metallist,,Foreign,,Confirmed,,,,,,,,,,,,,,,
1999,Confirmed,Ilan Roeh,,,,,Male,https://cpj-photos.s3-us-west-2.amazonaws.com/ilan_roeh_lebanon_1999.jpg,,Journalist,,Crossfire,Killed,Staff,Israel Radio,Broadcast Reporter,War,Radio,LBN,southern Lebanon,,,southern Lebanon,,Foreign,Political Group,Confirmed,,,,,,,,,,,,,,,
1994,Confirmed,Ilaria Alpi,,,,,Female,,,Journalist,,Murder,Killed,Staff,RAI-3 Television,Broadcast Reporter,,Television,SOM,Mogadishu,,,Mogadishu,,Foreign,,Confirmed,,,Complete Impunity,No,No,No,,,,,,,,,
1992,Confirmed,Ivo Standeker,,,,,Male,,,Journalist,,Crossfire,Killed,Staff,Mladina,Print Reporter,War,Print,BIH,Sarajevo,,,Sarajevo,,Foreign,Military Officials,Confirmed,,,,,,,,,,,,,,,
2006,Confirmed,James Brolan,,,,,Male,https://cpj-photos.s3-us-west-2.amazonaws.com/james_brolan_iraq_2006.jpg,CBS,Journalist,,Crossfire,Killed,Staff,CBS,Technician,War,Television,IRQ,Baghdad,,,Baghdad,,Foreign,Political Group,Confirmed,,,,,,,,,,,,,,,
2014,Confirmed,James Foley,,USA,,,Male,https://cpj-photos.s3-us-west-2.amazonaws.com/foley.ap.jpg,AP,Journalist,,Murder,Killed,Freelance,Freelance,"Photographer,Internet Reporter","Human Rights,War",Internet,SYR,Unknown,,,Unknown,,Foreign,Political Group,Confirmed,,,Complete Impunity,Yes,Yes,No,,,,,,,,,
2003,Confirmed,James Miller,,,,,Male,https://cpj-photos.s3-us-west-2.amazonaws.com/james_miller_israel_2003.jpg,,Journalist,,Crossfire,Killed,Freelance,freelance,Camera Operator,"Human Rights,War",Television,ISR,Rafah,,,Rafah,,Foreign,Military Officials,Confirmed,,,,,,,,,,,,,,,
2010,Confirmed,James P. Hunter,,,,,Male,https://cpj-photos.s3-us-west-2.amazonaws.com/Hunter.Afghan.07.09.10.jpg,U.S. Army,Journalist,,Crossfire,Killed,Staff,"Fort Campbell Courier, U.S. military publications","Photographer,Print Reporter",War,Print,AFG,Kandahar,,,Kandahar,,Foreign,Political Group,Confirmed,,,,,,,,,,,,,,,
2009,Confirmed,Janullah Hashimzada,,,,,Male,,,Journalist,,Murder,Killed,Freelance,freelance,Broadcast Reporter,"Politics,War",Television,PAK,Jamrud,,,Jamrud,,Foreign,Military Officials,Confirmed,,,Complete Impunity,No,No,Yes,,,,,,,,,
2003,Confirmed,Jean Hélène,,,,,Male,https://cpj-photos.s3-us-west-2.amazonaws.com/jean_h%25C3%25A9l%25C3%25A8ne_ivorycoast_2003.jpg,,Journalist,,Murder,Killed,Staff,Radio France Internationale,Broadcast Reporter,Human Rights,Radio,CIV,Abidjan,,,Abidjan,,Foreign,Military Officials,Confirmed,,,Full Justice,No,No,No,,,,,,,,,
1993,Confirmed,Jean-Claude Jumel,,,,,Male,,,Journalist,,Crossfire,Killed,Staff,TF-1,Technician,War,Television,SOM,Mogadishu,,,Mogadishu,,Foreign,Political Group,Confirmed,,,,,,,,,,,,,,,
2003,Confirmed,Jeremy Little,,,,,Male,https://cpj-photos.s3-us-west-2.amazonaws.com/jeremy_little_iraq_2003.jpg,,Journalist,,Crossfire,Killed,Freelance,NBC News,Technician,War,Television,IRQ,Fallujah,,,Fallujah,,Foreign,Political Group,Confirmed,,,,,,,,,,,,,,,
2016,Confirmed,Jeroen Oerlemans ,,,,,Male,https://cpj-photos.s3-us-west-2.amazonaws.com/Oerlemans-3-Cap.jpg,Stanislav Krupar,Journalist,,Crossfire,Killed,Freelance,Freelance,Photographer,"Politics,War","Print,Internet",LBY,Sirte,,,Sirte,,Foreign,Political Group,Confirmed,,,,,,,,,,,,,,,
1995,Confirmed,Jochen Piest,,,,,Male,,,Journalist,,Crossfire,Killed,Staff,Stern,Print Reporter,War,Print,RUS,Chervlyonna,,,Chervlyonna,,Foreign,Military Officials,Confirmed,,,,,,,,,,,,,,,
2001,Confirmed,Johanne Sutton,,,,,Female,https://cpj-photos.s3-us-west-2.amazonaws.com/johanne_sutton_afghanistan_2001.jpg,,Journalist,,Crossfire,Killed,Staff,Radio France Internationale,Broadcast Reporter,War,Radio,AFG,Takhar Province,,,Takhar Province,Takhar Province,Foreign,Military Officials,Confirmed,,,,,,,,,,,,,,,
1995,Confirmed,John Schofield,,,,,Male,https://cpj-photos.s3-us-west-2.amazonaws.com/Schofield.HRV.1995.1.jpg,BBC,Journalist,,Crossfire,Killed,Staff,BBC,Broadcast Reporter,War,Radio,HRV,Virginmost,,,Virginmost,,Foreign,Military Officials,Confirmed,,,,,,,,,,,,,,,
1992,Confirmed,Jordi Pujol,,,,,Male,,,Journalist,,Crossfire,Killed,Staff,Avui,Photographer,War,Print,BIH,Sarajevo,,,Sarajevo,,Foreign,Military Officials,Confirmed,,,,,,,,,,,,,,,
2003,Confirmed,José Couso,,,,,Male,https://cpj-photos.s3-us-west-2.amazonaws.com/jose_couso_iraq_2003.jpg,,Journalist,,Crossfire,Killed,Staff,Telecinco,Camera Operator,War,Television,IRQ,Baghdad,,,Baghdad,,Foreign,Military Officials,Confirmed,,,,,,,,,,,,,,,
2018,Confirmed,Juan Javier Ortega Reyes,,Ecuador,,,Male,https://cpj-photos.s3.amazonaws.com/Ec_Ortega1-2018-05-01-1525211691191.jpg,Ortega Family,Journalist,Killed,Murder,Killed,Staff,El Comercio,Print Reporter,"Corruption,Crime,Politics,Human Rights",Print,COL,,,,,,Foreign,Political Group,Confirmed,,,Complete Impunity,Yes,Yes,No,,,,,,,,,
2003,Confirmed,Julio Anguita Parrado,,,,,Male,https://cpj-photos.s3-us-west-2.amazonaws.com/julio_anguita_parrado_iraq_2003.jpg,,Journalist,,Crossfire,Killed,Staff,El Mundo,Print Reporter,War,Print,IRQ,outside Baghdad,,,outside Baghdad,,Foreign,Military Officials,Confirmed,,,,,,,,,,,,,,,
2001,Confirmed,Julio Fuentes,,,,,Male,https://cpj-photos.s3-us-west-2.amazonaws.com/julio_fuentes_afghanistan_2001.jpg,,Journalist,,Murder,Killed,Staff,El Mundo,Print Reporter,War,Print,AFG,Nangarhar Province,,,Nangarhar Province,Nangarhar Province,Foreign,Paramilitary Group,Confirmed,,,Full Justice,No,Yes,No,,,,,,,,,
2006,Confirmed,Karen Fischer,,,,,Female,,,Journalist,,Murder,Killed,Freelance,freelance,Broadcast Reporter,"Politics,War",Radio,AFG,Baghlan,,,Baghlan,,Foreign,,Confirmed,,,Complete Impunity,No,No,No,,,,,,,,,
2005,Confirmed,Kate Peyton,,,,,Female,https://cpj-photos.s3-us-west-2.amazonaws.com/Peyton.2005.somalia1.jpg,BBC,Journalist,,Murder,Killed,Staff,BBC,Producer,"Politics,War",Television,SOM,Mogadishu,,,Mogadishu,,Foreign,Criminal Group,Confirmed,,,Complete Impunity,No,No,No,,,,,,,,,
2003,Confirmed,Kaveh Golestan,,,,,Male,https://cpj-photos.s3-us-west-2.amazonaws.com/kaveh_golestan_iraq_2003.jpg,,Journalist,,Crossfire,Killed,Freelance,freelance,Camera Operator,War,Television,IRQ,Kifri,,,Kifri,,Foreign,Military Officials,Confirmed,,,,,,,,,,,,,,,
2015,Confirmed,Kenji Goto,,,,,Male,https://cpj-photos.s3-us-west-2.amazonaws.com/Kenji-Goto200.jpg,Getty,Journalist,,Murder,Killed,Freelance,Freelance,"Camera Operator,Photographer,Internet Reporter","Culture,Human Rights,Politics,War","Television,Internet",SYR,Unknown,,,Unknown,,Foreign,Political Group,Confirmed,,,Complete Impunity,Yes,Yes,No,,,,,,,,,
2007,Confirmed,Kenji Nagai,,,,,Male,https://cpj-photos.s3-us-west-2.amazonaws.com/kenji_nagai_burma_2007.jpg,,Journalist,,Dangerous Assignment,Killed,Staff,APF News,"Camera Operator,Photographer","Human Rights,Politics","Print,Television",MMR,Rangoon,,,Rangoon,,Foreign,Military Officials,Confirmed,,,,,,,,,,,,,,,
2001,Confirmed,Kerem Lawton,,,,,Male,https://cpj-photos.s3-us-west-2.amazonaws.com/kerem_lawton_yugoslavia_2001.jpg,,Journalist,,Crossfire,Killed,Staff,Associated Press Television News,Producer,War,Television,YUG,"Krivenik, Kosovo",,,"Krivenik, Kosovo",,Foreign,Military Officials,Confirmed,,,,,,,,,,,,,,,
2007,Confirmed,Khalid W. Hassan,,,,,Male,https://cpj-photos.s3-us-west-2.amazonaws.com/nyt.hassan12.jpg,New York Times,Journalist,,Murder,Killed,Staff,The New York Times,Print Reporter,War,Print,IRQ,Baghdad,,,Baghdad,,Foreign,Political Group,Confirmed,,,Complete Impunity,No,No,No,,,,,,,,,
2017,Confirmed,Kim Wall,,Sweden,,,Female,https://cpj-photos.s3.amazonaws.com/Kim%20Wall-1-2017-08-30-1504125125586.jpg,Tom Wall,Journalist,Killed,Dangerous Assignment,Killed,Freelance,Freelance,Print Reporter,"Culture,Human Rights,Politics",Print,DNK,Copenhagen,,,Copenhagen,,Foreign,Local Residents,Confirmed,,Yes,,,,,,,,,,,,,
2018,Confirmed,Kirill Radchenko,,RUS,,,Male,https://cpj-photos.s3.us-west-2.amazonaws.com/prod/AP_KirillRadchenko_killed.jpg_5f6acad3-9b4c-4e31-806c-226c30522134.jpeg,Vasily Maximov/AFP,Journalist,Killed,Dangerous Assignment,Killed,Freelance,The Investigations Management Centre (TsUR),Camera Operator,"Human Rights,Business,Corruption,Crime,War,Politics",Television,CAF,Kémo,,,,Kémo,Foreign,"Criminal Group,Local Residents,Military Officials,Paramilitary Group,Political Group",Confirmed,,No,,,,,,,,,,,,,
2004,Confirmed,Kotaro Ogawa,,,,,Male,,,Journalist,,Crossfire,Killed,Freelance,freelance,Print Reporter,War,Print,IRQ,an area near Mahmoudiya ,,,an area near Mahmoudiya ,,Foreign,Political Group,Confirmed,,,,,,,,,,,,,,,
2000,Confirmed,Kurt Schork,,,,,Male,https://cpj-photos.s3-us-west-2.amazonaws.com/kurt_schork_sierra-leone_2000.jpg,Reuters,Journalist,,Crossfire,Killed,Staff,Reuters,Print Reporter,War,Print,SLE,Rogberi Junction,,,Rogberi Junction,,Foreign,Military Officials,Confirmed,,,,,,,,,,,,,,,
2014,Confirmed,Leyla Yildizhan (Deniz Firat),,,,,Female,,,Journalist,,Crossfire,Killed,Freelance,Firat News Agency,Broadcast Reporter,"Human Rights,Politics,War","Television,Internet",IRQ,Makhmur District,,,Makhmur District,,Foreign,"Military Officials, Political Group",Confirmed,,,,,,,,,,,,,,,
1994,Confirmed,Lissy Schmidt,,,,,Female,,,Journalist,,Murder,Killed,Freelance,"Agence France-Presse, Frankfurter Rundschau, Der Tagesspiegel",Print Reporter,War,Print,IRQ,Sulaymaniyah,,,Sulaymaniyah,,Foreign,,Confirmed,,,Complete Impunity,No,No,No,,,,,,,,,
2011,Confirmed,Lucas Mebrouk Dolega,,,,,Male,https://cpj-photos.s3-us-west-2.amazonaws.com/Dolega.Tunisia1.jpg,Reuters,Journalist,,Dangerous Assignment,Killed,Staff,European Pressphoto Agency,Photographer,Politics,"Print,Internet",TUN,Tunis,,,Tunis,,Foreign,Military Officials,Confirmed,,,,,,,,,,,,,,,
2014,Confirmed,Luke Somers,,,,,Male,,,Journalist,,Murder,Killed,Freelance,Freelance,"Photographer,Editor","Culture,Human Rights,Politics","Print,Internet",YEM,Shabwa province,,,Shabwa province,Shabwa province,Foreign,Political Group,Confirmed,,,Partial Impunity,No,Yes,No,,,,,,,,,
1998,Confirmed,Mahmoud Saremi,,,,,Male,,,Journalist,,Murder,Killed,Staff,Iranian News Agency (IRNA),Editor,Politics,Print,AFG,Mazar-i-Sharif,,,Mazar-i-Sharif,,Foreign,Political Group,Confirmed,,,Complete Impunity,No,Yes,No,,,,,,,,,
2001,Confirmed,Marc Brunereau,,,,,Male,,,Journalist,,Crossfire,Killed,Freelance,freelance,Print Reporter,War,Print,AFG,"Taloqan/Tashkent, Uzbekistan",,,"Taloqan/Tashkent, Uzbekistan",,Foreign,Military Officials,Confirmed,,,,,,,,,,,,,,,
1995,Confirmed,Marcello Palmisano,,,,,Male,,,Journalist,,Murder,Killed,Staff,RAI,Camera Operator,War,Television,SOM,Mogadishu,,,Mogadishu,,Foreign,Criminal Group,Confirmed,,,Complete Impunity,No,No,No,,,,,,,,,
1994,Confirmed,Marco Luchetta,,,,,Male,,,Journalist,,Crossfire,Killed,Staff,RAI-TV,Broadcast Reporter,War,Television,BIH,Mostar,,,Mostar,,Foreign,Paramilitary Group,Confirmed,,,,,,,,,,,,,,,
2001,Confirmed,Maria Grazia Cutuli,,,,,Female,https://cpj-photos.s3-us-west-2.amazonaws.com/maria_grazia_cutuli_afghanistan_2001.jpg,,Journalist,,Murder,Killed,Staff,Corriere della Serra,Print Reporter,War,Print,AFG,Nangarhar Province,,,Nangarhar Province,Nangarhar Province,Foreign,Paramilitary Group,Confirmed,,,Full Justice,No,Yes,No,,,,,,,,,
2012,Confirmed,Marie Colvin,,USA,,,Female,https://cpj-photos.s3-us-west-2.amazonaws.com/Colvin.afp.jpg,AFP,Journalist,,Murder,Killed,Staff,The Sunday Times,Print Reporter,"Human Rights,War",Print,SYR,Homs,,,Homs,,Foreign,Military Officials,Confirmed,No,,Complete Impunity,No,No,No,,,,,,,,,
2006,Confirmed,Martin Adler,,,,,Male,https://cpj-photos.s3-us-west-2.amazonaws.com/martin_adler_somalia_2006.jpg,AP,Journalist,,Murder,Killed,Freelance,freelance,Photographer,"Human Rights,Politics",Print,SOM,Mogadishu,,,Mogadishu,,Foreign,Criminal Group,Confirmed,,,Complete Impunity,No,No,No,,,,,,,,,
2001,Confirmed,Martin O'Hagan,,,,,Male,,,Journalist,,Murder,Killed,Staff,Sunday World,Print Reporter,"Corruption,Crime,War",Print,GBR,"Lurgan, Northern Ireland",,,"Lurgan, Northern Ireland",,Foreign,Paramilitary Group,Confirmed,,,Complete Impunity,No,No,Yes,,,,,,,,,
2003,Confirmed,Mazen Dana,,,,,Male,https://cpj-photos.s3-us-west-2.amazonaws.com/mazen_dana_iraq_2003.jpg,,Journalist,,Crossfire,Killed,Staff,Reuters,Camera Operator,War,Television,IRQ,outside Baghdad,,,outside Baghdad,,Foreign,Military Officials,Confirmed,,,,,,,,,,,,,,,
2003,Confirmed,Michael Kelly,,,,,Male,https://cpj-photos.s3-us-west-2.amazonaws.com/michael_kelly_iraq_2003.jpg,,Journalist,,Crossfire,Killed,Staff,Atlantic Monthly and The Washington Post,"Columnist/Commentator,Editor",War,Print,IRQ,outside of Baghdad,,,outside of Baghdad,,Foreign,Military Officials,Confirmed,,,,,,,,,,,,,,,
2009,Confirmed,Michelle Lang,,,,,Female,https://cpj-photos.s3-us-west-2.amazonaws.com/Afghan.Lang.2.rtr.jpg,Reuters,Journalist,,Crossfire,Killed,Staff,Calgary Herald and Canwest News Service,Print Reporter,War,Print,AFG,an area south of Kandahar,,,an area south of Kandahar,,Foreign,Political Group,Confirmed,,,,,,,,,,,,,,,
2013,Confirmed,Mick Deane,,,,,Male,https://cpj-photos.s3-us-west-2.amazonaws.com/mick.deane.egypt.skynews.youtube.slideshow.headshot.jpg,,Journalist,,Dangerous Assignment,Killed,Staff,Sky News,Camera Operator,"Human Rights,Politics,War",Television,EGY,Cairo,,,Cairo,,Foreign,"Military Officials, Political Group",Confirmed,,,,,,,,,,,,,,,
2000,Confirmed,Miguel Gil Moreno de Mora,,,,,Male,https://cpj-photos.s3-us-west-2.amazonaws.com/Gil.Sierra.Leone.2000.1.jpg,AP,Journalist,,Crossfire,Killed,Staff,The Associated Press,Camera Operator,War,Television,SLE,Rogberi Junction,,,Rogberi Junction,,Foreign,Military Officials,Confirmed,,,,,,,,,,,,,,,
2012,Confirmed,Mika Yamamoto,,,,,Female,https://cpj-photos.s3-us-west-2.amazonaws.com/yamamoto.killed.pic.jpg,,Journalist,,Crossfire,Killed,Staff,Japan Press,"Camera Operator,Photographer",War,"Television,Internet",SYR,Aleppo,,,Aleppo,,Foreign,Military Officials,Confirmed,,,,,,,,,,,,,,,
1994,Confirmed,Miran Krovatin,,,,,Male,,,Journalist,,Murder,Killed,Staff,RAI-3 Television,Camera Operator,,Television,SOM,Mogadishu,,,Mogadishu,,Foreign,,Confirmed,,,Complete Impunity,No,No,No,,,,,,,,,
1994,Confirmed,Mohammed Hussein Navab,,,,,Male,,,Journalist,,Murder,Killed,Staff,Keyhan,Print Reporter,War,Print,BIH,Mostar,,,Mostar,,Foreign,Paramilitary Group,Confirmed,,,Complete Impunity,No,Yes,No,,,,,,,,,
2016,Confirmed,Mohsen Khazaei,,,,,Male,https://cpj-photos.s3-us-west-2.amazonaws.com/MohsenKhazaei-Syria-Killed-IRIBscrnsht225.jpg,"Screenshot, IRIB News Agency video",Journalist,,Crossfire,Killed,Staff,Islamic Republic of Iran Broadcasting,Broadcast Reporter,War,Television,SYR,Aleppo,,,Aleppo,,Foreign,Political Group,Confirmed,,,,,,,,,,,,,,,
1999,Confirmed,Myles Tierney,,,,,Male,https://cpj-photos.s3-us-west-2.amazonaws.com/myles_tierney_sierra-leone_1999.jpg,,Journalist,,Crossfire,Killed,Staff,Associated Press Television News,Producer,War,Television,SLE,Freetown,,,Freetown,,Foreign,Political Group,Confirmed,,,,,,,,,,,,,,,
2015,Confirmed,Naji Jerf,,,,,Male,https://cpj-photos.s3-us-west-2.amazonaws.com/Naji-Jerf450.jpg,AFP,Journalist,,Murder,Killed,Staff,"Hentah, Raqqa is Being Slaughtered Silently","Editor,Producer","Human Rights,Politics",Internet,TUR,Gaziantep,,,Gaziantep,,Foreign,Political Group,Confirmed,,,Partial Impunity,No,No,Yes,,,,,,,,,
2007,Confirmed,Namir Noor-Eldeen,,,,,Male,https://cpj-photos.s3-us-west-2.amazonaws.com/namir_noor-eldeen_iraq_2007.jpg,Reuters,Journalist,,Crossfire,Killed,Staff,Reuters,Photographer,War,Print,IRQ,Baghdad,,,Baghdad,,Foreign,Military Officials,Confirmed,,,,,,,,,,,,,,,
1995,Confirmed,Natalya Alyakina,,,,,Female,https://cpj-photos.s3-us-west-2.amazonaws.com/alyakina-RUS.95.CJES-thumb-180x247-783.jpg,,Journalist,,Crossfire,Killed,Staff,Focus and RUFA,"Broadcast Reporter,Print Reporter",War,"Print,Radio",RUS,Budyonnovsk,,,Budyonnovsk,,Foreign,Military Officials,Confirmed,,,,,,,,,,,,,,,
2014,Confirmed,Nils Horner,,,,,Male,https://cpj-photos.s3-us-west-2.amazonaws.com/nilshorner.ap.jpg,AP,Journalist,,Dangerous Assignment,Killed,Staff,Sveriges Radio,Broadcast Reporter,"Politics,War",Radio,AFG,Kabul,,,Kabul,,Foreign,,Confirmed,,,,,,,,,,,,,,,
2011,Confirmed,Noramfaizul Mohd,,,,,Male,https://cpj-photos.s3-us-west-2.amazonaws.com/Mohd.Bernama.kill.jpg,Bernama TV,Journalist,,Dangerous Assignment,Killed,Staff,Bernama TV,Camera Operator,"Human Rights,War",Television,SOM,Mogadishu,,,Mogadishu,,Foreign,Military Officials,Confirmed,,,,,,,,,,,,,,,
1994,Confirmed,Olivier Quemener,,,,,Male,,,Journalist,,Murder,Killed,Freelance,Freelancer,Camera Operator,War,Television,DZA,Algiers,,,Algiers,,Foreign,,Confirmed,,,Complete Impunity,No,No,No,,,,,,,,,
2013,Confirmed,Olivier Voisin,,,,,Male,https://cpj-photos.s3-us-west-2.amazonaws.com/oliviervoisin.afpcropped.jpg,,Journalist,,Crossfire,Killed,Freelance,Freelance,Photographer,"Human Rights,Politics,War","Print,Internet",SYR,Idlib province,,,Idlib province,Idlib province,Foreign,,Confirmed,,,,,,,,,,,,,,,
2018,Confirmed,Orkhan Dzhemal,,RUS,,,Male,https://cpj-photos.s3.us-west-2.amazonaws.com/prod/DzhemalCap.jpg_7e06d129-3de8-495b-9e28-ae6a5240cc04.jpeg,A screen shot of Dzhemal speaking on Radio Svoboda.,Journalist,Killed,Dangerous Assignment,Killed,Freelance,The Investigations Management Centre (TsUR),Broadcast Reporter,"Business,Crime,Corruption,Human Rights,Politics,War",Television,CAF,Kémo,,,,Kémo,Foreign,"Criminal Group,Local Residents,Military Officials,Paramilitary Group,Political Group",Confirmed,,No,,,,,,,,,,,,,
2006,Confirmed,Paul Douglas,,,,,Male,https://cpj-photos.s3-us-west-2.amazonaws.com/paul_douglas_iraq_2006.jpg,CBS,Journalist,,Crossfire,Killed,Staff,CBS,Camera Operator,War,Television,IRQ,Baghdad,,,Baghdad,,Foreign,Political Group,Confirmed,,,,,,,,,,,,,,,
1992,Confirmed,Paul Jenks,,,,,Male,,,Journalist,,Crossfire,Killed,Freelance,European Pressphoto Agency,Photographer,War,Print,HRV,near Osijek,,,near Osijek,,Foreign,Military Officials,Confirmed,,,,,,,,,,,,,,,
2004,Confirmed,Paul Klebnikov,,,,,Male,https://cpj-photos.s3-us-west-2.amazonaws.com/Klebnikov.RUS.2004.1.jpg,AP,Journalist,,Murder,Killed,Staff,Forbes RUS,Editor,"Business,Corruption,Crime",Print,RUS,Moscow,,,Moscow,,Foreign,Criminal Group,Confirmed,,,Complete Impunity,No,No,No,,,,,,,,,
2003,Confirmed,Paul Moran,,,,,Male,https://cpj-photos.s3-us-west-2.amazonaws.com/paul_moran_iraq_2003.jpg,,Journalist,,Crossfire,Killed,Freelance,freelance,Camera Operator,War,Television,IRQ,Gerdigo,,,Gerdigo,,Foreign,Political Group,Confirmed,,,,,,,,,,,,,,,
2018,Confirmed,Paúl Rivas Bravo,,Ecuador,,,Male,https://cpj-photos.s3.amazonaws.com/Ec_Rivas1-2018-05-01-1525211993321.jpg,Rivas Family,Journalist,Killed,Murder,Killed,Staff,El Comercio,Photographer,"Culture,Human Rights,Politics,Sports",Print,COL,,,,,,Foreign,Political Group,Confirmed,,,Complete Impunity,Yes,Yes,No,,,,,,,,,
2016,Confirmed,Pavel Sheremet,,,,,Male,https://cpj-photos.s3-us-west-2.amazonaws.com/07202016UkrainePavelSheremetAPSergeiChusavkov250.jpg,Sergei Chusavkov/AP,Journalist,,Murder,Killed,Staff,"Ukrainska Pravda, Radio Vesti","Broadcast Reporter,Internet Reporter","Corruption,Crime,Politics","Radio,Internet",UKR,Kiev,,,Kiev,,Foreign,,Confirmed,,,Complete Impunity,No,No,Yes,,,,,,,,,
1992,Confirmed,Per-Ove Carlsson,,,,,Male,,,Journalist,,Murder,Killed,Freelance,Freelancer,Producer,"Politics,War",Television,PNG,Kiunga,,,Kiunga,,Foreign,Political Group,Confirmed,,,Complete Impunity,No,No,No,,,,,,,,,
1998,Confirmed,Philip True,,,,,Male,https://cpj-photos.s3-us-west-2.amazonaws.com/Philip%252520True_1998_Mexico1.jpg,San Antonio Express-News,Journalist,,Murder,Killed,Staff,San Antonio Express-News,Print Reporter,Culture,Print,MEX,Jalisco,,,Jalisco,,Foreign,Local Residents,Confirmed,,,Complete Impunity,No,No,No,,,,,,,,,
1994,Confirmed,Pierre Anceaux,,,,,Male,,,Journalist,,Murder,Killed,Freelance,freelance,Broadcast Reporter,Human Rights,Television,SOM,Baidoa,,,Baidoa,,Foreign,,Confirmed,,,Complete Impunity,No,No,No,,,,,,,,,
2001,Confirmed,Pierre Billaud,,,,,Male,https://cpj-photos.s3-us-west-2.amazonaws.com/pierre_billaud_afghanistan_2001.jpg,,Journalist,,Crossfire,Killed,Staff,Radio Télévision Luxembourg,Broadcast Reporter,War,Radio,AFG,Takhar Province,,,Takhar Province,Takhar Province,Foreign,Military Officials,Confirmed,,,,,,,,,,,,,,,
2002,Confirmed,Raffaele Ciriello,,,,,Male,https://cpj-photos.s3-us-west-2.amazonaws.com/raffaele_ciriello_pakistan_2002.jpg,,Journalist,,Crossfire,Killed,Freelance,Freelancer,Photographer,War,Print,ISR,Ramallah,,,Ramallah,,Foreign,Military Officials,Confirmed,,,,,,,,,,,,,,,
2012,Confirmed,Rémi Ochlik,,,,,Male,https://cpj-photos.s3-us-west-2.amazonaws.com/Ochlik.afp.jpg,AFP,Journalist,,Murder,Killed,Freelance,Freelance,Photographer,"Human Rights,War",Print,SYR,Homs,,,Homs,,Foreign,Military Officials,Confirmed,No,,Complete Impunity,No,No,No,,,,,,,,,
2003,Confirmed,Richard Wild,,,,,Male,https://cpj-photos.s3-us-west-2.amazonaws.com/richard_wild_iraq_2003.jpg,,Journalist,,Murder,Killed,Freelance,freelance,Camera Operator,War,Television,IRQ,Baghdad,,,Baghdad,,Foreign,,Confirmed,,,Complete Impunity,No,No,No,,,,,,,,,
2002,Confirmed,Roddy Scott,,,,,Male,,,Journalist,,Crossfire,Killed,Freelance,Frontline,"Broadcast Reporter,Camera Operator",War,Television,RUS,"Galashki Region, Ingushetia","Galashki Region, Ingushetia",,"Galashki Region, Ingushetia",,Foreign,Military Officials,Confirmed,,,,,,,,,,,,,,,
1993,Confirmed,Rory Peck,,,,,Male,https://cpj-photos.s3-us-west-2.amazonaws.com/Peck.RUS.1993.1.jpg,AP,Journalist,,Dangerous Assignment,Killed,Staff,ARD Television Company,Camera Operator,Politics,Television,RUS,Moscow,,,Moscow,,Foreign,Military Officials,Confirmed,,,,,,,,,,,,,,,
2010,Confirmed,Rupert Hamer,,,,,Male,,,Journalist,,Crossfire,Killed,Staff,Sunday Mirror,Print Reporter,War,Print,AFG,an area near Nawa,,,an area near Nawa,,Foreign,Political Group,Confirmed,,,,,,,,,,,,,,,
2007,Confirmed,Salih Saif Aldin,,,,,Male,,,Journalist,,Murder,Killed,Staff,The Washington Post,Print Reporter,"Politics,War",Print,IRQ,Baghdad,,,Baghdad,,Foreign,Political Group,Confirmed,,,Complete Impunity,No,No,No,,,,,,,,,
1999,Confirmed,Sander Thoenes,,Netherlands,,,Male,https://cpj-photos.s3-us-west-2.amazonaws.com/sander_thoenes_east-timor_1999.jpg,,Journalist,,Murder,Killed,Freelance,Freelancer,Print Reporter,War,Print,TLS,Dili,,,Dili,,Foreign,Military Officials,Confirmed,,,Complete Impunity,Yes,No,No,,,,,,,,,
1999,Confirmed,Shao Yunhuan,,,,,Male,https://cpj-photos.s3-us-west-2.amazonaws.com/shao_yunhuan_yugoslavia_1999.jpg,,Journalist,,Crossfire,Killed,Staff,Xinhua News Agency,Print Reporter,War,Print,YUG,Belgrade,,,Belgrade,,Foreign,Military Officials,Confirmed,,,,,,,,,,,,,,,
2004,Confirmed,Shinsuke Hashida,,,,,Male,https://cpj-photos.s3-us-west-2.amazonaws.com/shinsuke_hashida_iraq_2004.jpg,,Journalist,,Crossfire,Killed,Freelance,freelance,Print Reporter,War,Print,IRQ,near Mahmoudiya,,,near Mahmoudiya,,Foreign,Political Group,Confirmed,,,,,,,,,,,,,,,
2004,Confirmed,Simon Cumbers,,,,,Male,,,Journalist,,Murder,Killed,Freelance,BBC,Camera Operator,Politics,Television,SAU,Al-Suwaidi,,,Al-Suwaidi,,Foreign,Political Group,Confirmed,,,Partial Impunity,No,No,No,,,,,,,,,
2014,Confirmed,Simone Camilli,,,,,Male,,,Journalist,,Crossfire,Killed,Staff,The Associated Press,"Camera Operator,Photographer","Politics,War","Television,Internet",ISR,"Beit Lahiya, Gaza",,,"Beit Lahiya, Gaza",,Foreign,Military Officials,Confirmed,,,,,,,,,,,,,,,
2008,Confirmed,Stan Storimans,,,,,Male,https://cpj-photos.s3-us-west-2.amazonaws.com/Stan.Storimans.2.Georgia.2008.1.jpg,AFP,Journalist,,Crossfire,Killed,Staff,RTL Nieuws,Camera Operator,War,Television,GEO,Gori,,,Gori,,Foreign,Military Officials,Confirmed,,,,,,,,,,,,,,,
2010,Confirmed,Stanislas Ocloo,,,,,Male,https://cpj-photos.s3-us-west-2.amazonaws.com/Ocloo.01.13.10.jpg,Ocloo family,Journalist,,Dangerous Assignment,Killed,Freelance,Télévision Togolaise,"Broadcast Reporter,Columnist/Commentator",Sports,Television,AGO,Cabinda province,,,Cabinda province,Cabinda province,Foreign,Political Group,Confirmed,,,,,,,,,,,,,,,
2017,Confirmed,Stephan Villeneuve,,France,,,Male,,,Journalist,Killed,Crossfire,Killed,Freelance,#5BisProduction,Camera Operator,War,"Television,Internet",IRQ,Mosul,,,Mosul,,Foreign,Political Group,Confirmed,No,,,,,,,,,,,,,,
2014,Confirmed,Steven Sotloff,,,,,Male,https://cpj-photos.s3-us-west-2.amazonaws.com/Steven-Sotloff200.jpg,Getty,Journalist,,Murder,Killed,Freelance,Freelance,"Internet Reporter,Print Reporter","Human Rights,Politics,War","Print,Internet",SYR,Unknown,,,Unknown,,Foreign,Political Group,Confirmed,,,Complete Impunity,Yes,Yes,No,,,,,,,,,
2005,Confirmed,Steven Vincent,,,,,Male,https://cpj-photos.s3-us-west-2.amazonaws.com/steven_vincent_iraq_2005.jpg,,Journalist,,Murder,Killed,Freelance,freelance,Print Reporter,"Corruption,Crime,War",Print,IRQ,Basra,,,Basra,,Foreign,Criminal Group,Confirmed,,,Complete Impunity,No,Yes,No,,,,,,,,,
1998,Confirmed,Tara Singh Hayer,,,,,Male,https://cpj-photos.s3-us-west-2.amazonaws.com/Tara%252520Singh%252520Hayer_1998_Canada.1.jpg,Indo-Canadian Times,Journalist,,Murder,Killed,Staff,Indo-Canadian Times,Editor,Politics,Print,CAN,Vancouver,,,Vancouver,,Foreign,Political Group,Confirmed,,,Complete Impunity,No,No,Yes,,,,,,,,,
2003,Confirmed,Tareq Ayyoub,,,,,Male,https://cpj-photos.s3-us-west-2.amazonaws.com/tareq_ayyoub_iraq_2003.jpg,,Journalist,,Crossfire,Killed,Staff,Al-Jazeera,Broadcast Reporter,War,Television,IRQ,Baghdad,,,Baghdad,,Foreign,Military Officials,Confirmed,,,,,,,,,,,,,,,
1993,Confirmed,Tasar Omer,,,,,Male,,,Journalist,,Dangerous Assignment,Killed,Freelance,Freelance,Print Reporter,War,Print,BIH,Sarajevo,,,Sarajevo,,Foreign,Military Officials,Confirmed,,,,,,,,,,,,,,,
2003,Confirmed,Terry Lloyd,,,,,Male,https://cpj-photos.s3-us-west-2.amazonaws.com/terry_lloyd_iraq_2003.jpg,,Journalist,,Crossfire,Killed,Staff,ITV News,Broadcast Reporter,War,Television,IRQ,near Al-Zubayr,,,near Al-Zubayr,,Foreign,Military Officials,Confirmed,,,,,,,,,,,,,,,
2011,Confirmed,Tim Hetherington,,,,,Male,https://cpj-photos.s3-us-west-2.amazonaws.com/tim%252520hetherington.rtr.jpg,Reuters,Journalist,,Crossfire,Killed,Freelance,Freelance,Photographer,War,"Print,Television",LBY,Misurata,,,Misurata,,Foreign,Military Officials,Confirmed,,,,,,,,,,,,,,,
2007,Confirmed,Tito Alberto Palma,,,,,Male,https://cpj-photos.s3-us-west-2.amazonaws.com/tito_alberto_palma_paraguay_2007.jpg,,Journalist,,Murder,Killed,Staff,Radio Mayor Otaño and Radio Chaco Boreal,Broadcast Reporter,"Corruption,Crime",Radio,PRY,Mayor Otaño,,,Mayor Otaño,,Foreign,,Confirmed,,,Complete Impunity,No,No,Yes,,,,,,,,,
2001,Confirmed,Ulf Strömberg,,,,,Male,,,Journalist,,Murder,Killed,Staff,TV4,Camera Operator,War,Television,AFG,Taloqan,,,Taloqan,,Foreign,Criminal Group,Confirmed,,,Complete Impunity,No,No,No,,,,,,,,,
2017,Confirmed,Veronique Robert,,France,Switzerland,,Female,,,Journalist,Killed,Crossfire,Killed,Staff,#5BisProduction,"Camera Operator,Photographer","War,Human Rights","Television,Internet",IRQ,Mosul,,,Mosul,,Foreign,Political Group,Confirmed,No,,,,,,,,,,,,,,
1995,Confirmed,Vincent Francis,,,,,Male,,,Journalist,,Murder,Killed,Staff,Worldwide Television News (WTN),"Broadcast Reporter,Editor","Culture,Politics",Television,BDI,near Bujumbura,,,near Bujumbura,,Foreign,Criminal Group,Confirmed,,,Complete Impunity,No,No,No,,,,,,,,,
2001,Confirmed,Volker Handloik,,,,,Male,,,Journalist,,Crossfire,Killed,Freelance,freelance reporter,Print Reporter,War,Print,AFG,Takhar Province,,,Takhar Province,Takhar Province,Foreign,Military Officials,Confirmed,,,,,,,,,,,,,,,
1999,Confirmed,Volker Kraemer,,,,,Male,https://cpj-photos.s3-us-west-2.amazonaws.com/volker_kraemer_kosovo_1999.jpg,,Journalist,,Crossfire,Killed,Staff,Stern,Photographer,War,Print,YUG,Kosovo,,,Kosovo,,Foreign,Paramilitary Group,Confirmed,,,,,,,,,,,,,,,
2004,Confirmed,Waldemar Milewicz,,,,,Male,https://cpj-photos.s3-us-west-2.amazonaws.com/waldemar_milewicz_iraq_2004.jpg,,Journalist,,Crossfire,Killed,Staff,TVP,Broadcast Reporter,War,Television,IRQ,Mahmoudiya,,,Mahmoudiya,,Foreign,Political Group,Confirmed,,,,,,,,,,,,,,,
2001,Confirmed,William Biggart,,,,,Male,https://cpj-photos.s3-us-west-2.amazonaws.com/Biggart.US.2001.1.jpg,Photo Tom McKitterick,Journalist,,Dangerous Assignment,Killed,Freelance,freelance,Photographer,Crime,Print,USA,New York City,,,New York City,,Foreign,Political Group,Confirmed,,,,,,,,,,,,,,,
1999,Confirmed,Xu Xinghu,,,,,Male,,,Journalist,,Crossfire,Killed,Staff,The Guangming Daily,Print Reporter,War,Print,YUG,Belgrade,,,Belgrade,,Foreign,Military Officials,Confirmed,,,,,,,,,,,,,,,
2013,Confirmed,Yasser Faisal al-Jumaili,,,,,Male,https://cpj-photos.s3-us-west-2.amazonaws.com/Yasser-Faisal-al-Jumaili-cropped200.jpg,Reuters,Journalist,,Murder,Killed,Freelance,Freelance,Camera Operator,"Politics,War",Television,SYR,Idlib,,,Idlib,,Foreign,Political Group,Confirmed,,,Complete Impunity,No,Yes,No,,,,,,,,,
2013,Confirmed,Yves Debay,,,,,Male,https://cpj-photos.s3-us-west-2.amazonaws.com/yvesdebay.afp.cropped.cap.jpg,,Journalist,,Crossfire,Killed,Staff,Assault,Internet Reporter,War,Internet,SYR,Aleppo,,,Aleppo,,Foreign,,Confirmed,,,,,,,,,,,,,,,
2016,Confirmed,Zaher al-Shurqat,,,,,Male,https://cpj-photos.s3-us-west-2.amazonaws.com/Zaher-al-Shurqat200.jpg,AP,Journalist,,Murder,Killed,Staff,Aleppo Today,Broadcast Reporter,War,Internet,TUR,Gaziantep,,,Gaziantep,,Foreign,Political Group,Confirmed,,,Complete Impunity,No,No,Yes,,,,,,,,,
2003,Confirmed,Zahra Kazemi,,,,,Female,https://cpj-photos.s3-us-west-2.amazonaws.com/zahra_kazemi_iran_2003.jpg,,Journalist,,Murder,Killed,Freelance,freelance,Photographer,Human Rights,Print,Iran,Tehran,,,Tehran,,Foreign,Government Officials,Confirmed,,,Complete Impunity,Yes,Yes,No,,,,,,,,,
1999,Confirmed,Zhu Ying,,,,,Male,,,Journalist,,Crossfire,Killed,Staff,The Guangming Daily,Print Reporter,War,Print,YUG,Belgrade,,,Belgrade,,Foreign,Military Officials,Confirmed,,,,,,,,,,,,,,,
